Year,Fund,Department/Office ,Fund Center,Remarks 
2024,GC21001,Military Secretary to Governor Gilgit-Ba,GL1745,
2024,GC21001,Secretary To Governor Gilgit-Baltistan,GL1742,
2024,GC21002,Chief Minister Reforms Unit,GL1770,
2024,GC21002,Secretary To Chief Minister GB,GL1781,
2024,GC21003,Director General Chairman's Inspection Team Gilgit,GL1660,
2024,GC21004,Election Commissioner  Gilgit,GL1517,
2024,GC21005,Secretary Cabinet Gilgit,GL1516,
2024,GC21006,Secretary Gilgit Baltistan Legislative Assembly,GL1515,
2024,GC21007,Deputy Secretary Regulation Wing (Services) Gilgit,GL1647,
2024,GC21007,Deputy Secretary Services/Regulation,GL1524,
2024,GC21007,Gilgit-Baltistan House Islamabad,GL1800,
2024,GC21007,Performance Management and Reforms Unit (PMRU) Gilgit,GL1562,
2024,GC21007,Secretary Services & GAD Gilgit,GL1501,
2024,GC21008,Additional Deputy Commissioner  Diamer,DM1060,
2024,GC21008,Additional Deputy Commissioner  Skardu,SD1003,
2024,GC21008,Additional Deputy Commissioner Gilgit,GL1001,
2024,GC21008,AIG Police CID GB  Gilgit,GL1612,
2024,GC21008,AIG Police Special Branch GB,GL1608,
2024,GC21008,Anti Terrorism Court No.1,GL1867,
2024,GC21008,Anti Terrorism Court No.2,GL1865,
2024,GC21008,Assistant Commissioner     Punial - Ishk,GZ1002,
2024,GC21008,Assistant Commissioner     Skardu,SD1005,
2024,GC21008,Assistant Commissioner Chorbat,GN1006,
2024,GC21008,Assistant Commissioner Dagoni,GN1004,
2024,GC21008,Assistant Commissioner Danyore,GL1543,
2024,GC21008,Assistant Commissioner Darel,DM1002,
2024,GC21008,Assistant Commissioner Gamba,SD1017,
2024,GC21008,Assistant Commissioner Gojal Hunza,HN1055,
2024,GC21008,Assistant Commissioner Gupis,GZ1003,
2024,GC21008,Assistant Commissioner Hunza,HN1001,
2024,GC21008,Assistant Commissioner Juglote,GL1544,
2024,GC21008,Assistant Commissioner Khaplu,GN1002,
2024,GC21008,Assistant Commissioner Kharmang,RG1081,
2024,GC21008,Assistant Commissioner Mashabrum,GN1003,
2024,GC21008,Assistant Commissioner Nagar,NG1082,
2024,GC21008,Assistant Commissioner Roundu,SD1110,
2024,GC21008,Assistant Commissioner Shigar,SS1081,
2024,GC21008,Assistant Commissioner Tangir,DM1003,
2024,GC21008,Assistant Commissioner Yasin Ghizer,GZ1004,
2024,GC21008,Assistant Commissioner Astore,AT1002,
2024,GC21008,Assistant Commissioner Chilas,DM1022,
2024,GC21008,Assistant Commissioner Gilgit,GL1521,
2024,GC21008,Assistant Commissioner Shounter,AT1003,
2024,GC21008,Central Police Office GB Gilgit,GL1605,
2024,GC21008,Commandant NA Armed Reserve Gilgit,GL1611,
2024,GC21008,Commissioner Baltistan Division Skardu,SD1103,
2024,GC21008,Commissioner Diamer Division,DM1556,
2024,GC21008,Commissioner Gilgit Division,GL1556,
2024,GC21008,Deputy Commissioner     Ghizer,GZ1001,
2024,GC21008,Deputy Commissioner     Skardu,SD1001,
2024,GC21008,Deputy Commissioner Astore,AT1001,
2024,GC21008,Deputy Commissioner Diamer,DM1001,
2024,GC21008,Deputy Commissioner Hunza,HN1003,
2024,GC21008,Deputy Commissioner Kharmang,RG1080,
2024,GC21008,Deputy Commissioner Nagar,NG1080,
2024,GC21008,Deputy Commissioner Shigar,SS1080,
2024,GC21008,Deputy Commissioner Ghanche,GN1001,
2024,GC21008,Deputy Commissioner Gilgit,GL1520,
2024,GC21008,Deputy Superintendent Jail    Skardu,SD1011,
2024,GC21008,Deputy Superintendent Jail Ghizer,GZ1081,
2024,GC21008,Deputy Superintendent Jail Hunza,HN1039,
2024,GC21008,Deputy Superintendent Jail Diamer,DM1007,
2024,GC21008,Deputy Superintendent Jail Gilgit,GL1614,
2024,GC21008,DIG Baltistan Range GB,SD1012,
2024,GC21008,DIG Crime Branch GB,GL1606,
2024,GC21008,DIG Gilgit Range GB,GL1613,
2024,GC21008,DIG Police Diamer Astore Range Diamer,DM1613,
2024,GC21008,Director Rescue 1122 Gilgit-Baltistan,GL1122,
2024,GC21008,DISTRICT JAIL ASTORE,AT1006,
2024,GC21008,Gilgit-Baltistan Tourist Police,GL1616,
2024,GC21008,IG PRISON GB,GL1794,
2024,GC21008,Incharge Safe City Programme,GL1620,
2024,GC21008,Inspectorate of Explosive GB,GL1760,
2024,GC21008,Key Point GB Gilgit,GL1609,
2024,GC21008,PRTC NA Gilgit,GL1610,
2024,GC21008,Rescue 1122 Astore,AT1122,
2024,GC21008,Rescue 1122 District Diamer,DM1122,
2024,GC21008,Rescue 1122 District Ghanche,GN1122,
2024,GC21008,Rescue 1122 District Gilgit,GL1124,
2024,GC21008,Rescue 1122 District Hunza,HN1122,
2024,GC21008,Rescue 1122 District Nagar,NG1122,
2024,GC21008,Rescue 1122 District Skardu,SD1104,
2024,GC21008,Secretary Home & Prisons Gilgit,GL1789,
2024,GC21008,Settlement Organization Gilgit,GL1615,
2024,GC21008,Station Fire Officer Astore,AT1004,
2024,GC21008,Station Fire Officer Diamer,DM1084,
2024,GC21008,STATION FIRE OFFICER GHANCHE,GN1083,
2024,GC21008,STATION FIRE OFFICER GHIZER,GZ1083,
2024,GC21008,Station Fire Officer Gilgit,GL1546,
2024,GC21008,Station Fire Officer Hunza,HN1705,
2024,GC21008,Station Fire Officer Kharmang,RG1705,
2024,GC21008,Station Fire Officer Nagar,NG1705,
2024,GC21008,Station Fire Officer Shigar,SS1705,
2024,GC21008,Station Fire Officer Skardu,SD1002,
2024,GC21008,Superintendent of Police    Astore,AT1008,
2024,GC21008,Superintendent of Police    Ghanche,GN1008,
2024,GC21008,Superintendent of Police    Ghizer,GZ1008,
2024,GC21008,Superintendent of Police    Gilgit,GL1607,
2024,GC21008,Superintendent of Police    Skardu,SD1010,
2024,GC21008,Superintendent of Police (Special Protection Unit) Gilgit,GL1619,
2024,GC21008,Superintendent of Police Hunza,HN1004,
2024,GC21008,Superintendent of Police Kharmang,RG1082,
2024,GC21008,Superintendent of Police Nagar,NG1081,
2024,GC21008,Superintendent of Police Shigar,SS1082,
2024,GC21008,Superintendent of Police Diamer,DM1009,
2024,GC21009,Planning & Development Cell Skardu,SD1004,
2024,GC21009,Secretary Planning & Development Departm,GL1502,
2024,GC21010,Assistant Director Fisheries Gilgit,GL1629,
2024,GC21010,Assistant Director Fisheries Hunza,HN1040,
2024,GC21010,Assistant Director Fisheries Kharmang,RG1001,
2024,GC21010,Assistant Director Fisheries Nagar,NG1001,
2024,GC21010,Assistant Director Fisheries Shigar,SS1007,
2024,GC21010,Assistant Director Fisheries Skardu,SD1070,
2024,GC21010,Assistant Director Fishries Astore,AT1044,
2024,GC21010,Assistant Director Livestock and Dairy Development Ghanche,GN1044,
2024,GC21010,DDO Office Fisheries Diamer,DM1037,
2024,GC21010,DDO Office Fisheries Ghanche,GN1046,
2024,GC21010,DDO Office Fisheries Ghizer,GZ1054,
2024,GC21010,Deputy Director Agriculture (IPM) Gilgit,GL1810,
2024,GC21010,Deputy Director Agriculture Astore,AT1042,
2024,GC21010,Deputy Director Agriculture Diamer,DM1035,
2024,GC21010,Deputy Director Agriculture Ghanche,GN1042,
2024,GC21010,Deputy Director Agriculture Ghizer,GZ1050,
2024,GC21010,Deputy Director Agriculture Hunza,HN1006,
2024,GC21010,Deputy Director Agriculture Kharmang,RG1002,
2024,GC21010,Deputy Director Agriculture Nagar,NG1002,
2024,GC21010,Deputy Director Agriculture Research Diamer,DM1708,
2024,GC21010,Deputy Director Agriculture Research Gilgit,GL1708,
2024,GC21010,Deputy Director Agriculture Research Skardu,SD1708,
2024,GC21010,Deputy Director Agriculture Shigar,SS1008,
2024,GC21010,Deputy Director Agriculture Skardu,SD1066,
2024,GC21010,Deputy Director Agriculture Gigit,GL1618,
2024,GC21010,Deputy Director Fisheries Baltistan Region,SD1019,
2024,GC21010,Deputy Director Fisheries GB Gilgit,GL1737,
2024,GC21010,Deputy Director Live Stock Hunza,HN1005,
2024,GC21010,Deputy Director Livestock & Dairy Development Astore,AT1062,
2024,GC21010,Deputy Director Livestock & Dairy Development Ghizer,GZ1052,
2024,GC21010,Deputy Director Livestock and Dairy Development Diamer,DM1033,
2024,GC21010,Deputy Director Livestock and Dairy Development Gilgit,GL1624,
2024,GC21010,Deputy Director Livestock and Dairy Development Skardu,SD1068,
2024,GC21010,Deputy Director Livestock Kharmang,RG1003,
2024,GC21010,Deputy Director Livestock Nagar,NG1003,
2024,GC21010,Deputy Director Livestock Shigar,SS1009,
2024,GC21010,Deputy Director Poultry Production GB Gilgit,GL1625,
2024,GC21010,Deputy Director Training GB Gilgit,GL1626,
2024,GC21010,Deputy Director Water Management Skardu,SD1870,
2024,GC21010,Director Agriculture Baltistan Region,SD1811,
2024,GC21010,Director Agriculture Diamer-Astore Division,DM1015,
2024,GC21010,Director Agriculure GB Gilgit,GL1617,
2024,GC21010,Director Fisheries Gilgit,GL1627,
2024,GC21010,Director LivestockDairy Development Gilgit-Baltistan Gilgit,GL1621,
2024,GC21010,Director Mountain Agriculture Research System in Gilgit-Baltistan,GL1811,
2024,GC21010,Disease Investigation Officer GB Gilgit,GL1623,
2024,GC21010,Secretary Agriculture Department GB,GL1512,
2024,GC21010,Secretary Agriculture Livestock & Fisheries GB-II (Block Allocations),GL1572,
2024,GC21010,Senior Research Officer Livestock GB Gilgit,GL1628,
2024,GC21010,Veterniary Officer Roundu Skardu,SD1113,
2024,GC21011,Board of Elementary Examination GB,GL1104,
2024,GC21011,Boys High School  Darel,DM1021,
2024,GC21011,Boys High School  Kharmang,RG1106,
2024,GC21011,Boys High School  Mehdiabad Kharmang,RG1103,
2024,GC21011,Boys High School  Skardu,SD1043,
2024,GC21011,Boys High School Alchori Shigar,SS1108,
2024,GC21011,Boys High School Aliabad,HN1007,
2024,GC21011,Boys High School Amphary,GL1584,
2024,GC21011,Boys High School Askoli Shigar,SS1111,
2024,GC21011,Boys High School Askurdass Nagar,NG1103,
2024,GC21011,Boys High School Astore,AT1022,
2024,GC21011,Boys High School Bara Khaplu,GN1088,
2024,GC21011,Boys High School Bialthing Tangir Diamer,DM1111,
2024,GC21011,Boys High School Bubar  Ghizer,GZ1028,
2024,GC21011,Boys High School Bunji,AT1018,
2024,GC21011,Boys High School Bunyal Skardu,SD1132,
2024,GC21011,Boys High School Chakarkote Sai Gilgit,GL1735,
2024,GC21011,Boys High School Chalt Nagar,NG1105,
2024,GC21011,Boys High School Chatorkhand Ghizer,GZ1090,
2024,GC21011,Boys High School Chilas,DM1020,
2024,GC21011,Boys High School Chorit,AT1031,
2024,GC21011,Boys High School Chougham Astore,AT1106,
2024,GC21011,Boys High School Churka Shigar,SS1105,
2024,GC21011,Boys High School Danyore,GL1588,
2024,GC21011,Boys High School Dashkin,AT1020,
2024,GC21011,Boys High School Dassu Shigar,SS1107,
2024,GC21011,Boys High School Datuchi,GL1604,
2024,GC21011,Boys High School Demote Sai,GL1602,
2024,GC21011,Boys High School Dirlabala,AT1026,
2024,GC21011,Boys High School Dogoni,GN1026,
2024,GC21011,Boys High School Doodishal Diamer,DM1088,
2024,GC21011,Boys High School Dumsum Ghanche,GN1087,
2024,GC21011,Boys High School Fina Astore,AT1105,
2024,GC21011,Boys High School Gabber Diamer,DM1098,
2024,GC21011,Boys High School Gahkuch Ghizer,GZ1032,
2024,GC21011,Boys High School Gais Bala Diamer,DM1094,
2024,GC21011,Boys High School Gali Bala Diamer,DM1097,
2024,GC21011,Boys High School Gamba Skardu,SD1129,
2024,GC21011,Boys High School Gayal,DM1028,
2024,GC21011,Boys High School Ghowari Ghanche,GN1032,
2024,GC21011,Boys High School Ghulakhmoli  Ghizer,GZ1040,
2024,GC21011,Boys High School Godai Astore,AT1077,
2024,GC21011,Boys High School Goharabad Diamer,DM1087,
2024,GC21011,Boys High School Goner Farm Diamer,DM1085,
2024,GC21011,Boys High School Gorikote Astore,AT1078,
2024,GC21011,Boys High School Gulapure Ghizer,GZ1024,
2024,GC21011,Boys High School Gulapure Shigar,SS1104,
2024,GC21011,Boys High School Gulmat Nagar,NG1106,
2024,GC21011,Boys High School Gulmit Gojal,HN1012,
2024,GC21011,Boys High School Gupis  Ghizer,GZ1036,
2024,GC21011,Boys High School Harpoh Skardu,SD1124,
2024,GC21011,Boys High School Hassanabad Ghanche,GN1111,
2024,GC21011,Boys High School Hatoon Ghizer,GZ1093,
2024,GC21011,Boys High School Hindi Hunza,HN1013,
2024,GC21011,Boys High School Hopper Nagar,NG1113,
2024,GC21011,Boys High School Hundur Yasin Ghizer(Sec,GZ1045,
2024,GC21011,Boys High School Hussainabad Skardu,SD1127,
2024,GC21011,Boys High School Immit Ghizer,GZ1091,
2024,GC21011,Boys High School Ishkoman Ghizer,GZ1021,
2024,GC21011,Boys High School Jageer Baseen Gilgit (Secondary),GL1817,
2024,GC21011,Boys High School Jalalabad,GL1600,
2024,GC21011,Boys High School Jall Diamer,DM1093,
2024,GC21011,Boys High School Jandrote Ghizer,GZ1047,
2024,GC21011,Boys High School Joglote Sai,GL1603,
2024,GC21011,Boys High School Kachura Skardu,SD1131,
2024,GC21011,Boys High School Karimabad,HN1014,
2024,GC21011,Boys High School Kashrote,GL1585,
2024,GC21011,Boys High School Keris Ghanche,GN1034,
2024,GC21011,Boys High School Khanbari Diamer,DM1089,
2024,GC21011,Boys High School Khangrool Astore,AT1080,
2024,GC21011,Boys High School Khaplu,GN1024,
2024,GC21011,Boys High School Khaplu Bala Ghanche,GN1084,
2024,GC21011,Boys High School Kharkoo Ghanche,GN1102,
2024,GC21011,Boys High School Koshmal Skardu,SD1146,
2024,GC21011,Boys High School Kothang Shigar,SS1112,
2024,GC21011,Boys High School Kowardu Skardu,SD1145,
2024,GC21011,Boys High School Kuro Ghanche,GN1101,
2024,GC21011,Boys High School Kushmarah Skardu,SD1130,
2024,GC21011,Boys High School Laous Astore,AT1079,
2024,GC21011,Boys High School Lurk Tangir Diamer,DM1110,
2024,GC21011,Boys High School Machulo Ghanche,GN1085,
2024,GC21011,Boys High School Manikal,DM1029,
2024,GC21011,Boys High School Minawar Gilgit,GL1702,
2024,GC21011,Boys High School Minimarg Astore,AT1028,
2024,GC21011,Boys High School Mirmalik,AT1032,
2024,GC21011,Boys High School Murtazaabad Hunza,HN1104,
2024,GC21011,Boys High School Nagar Proper,NG1104,
2024,GC21011,Boys High School Niat Diamer,DM1086,
2024,GC21011,Boys High School Nilt Nagar,NG1109,
2024,GC21011,Boys High School No.1 Gilgit,GL1581,
2024,GC21011,Boys High School No.2 Gilgit,GL1582,
2024,GC21011,Boys High School Nomal,GL1589,
2024,GC21011,Boys High School Olding Kharmang,RG1105,
2024,GC21011,Boys High School Oshikhandass,GL1599,
2024,GC21011,Boys High School Pakora Astore,AT1076,
2024,GC21011,Boys High School Pakora Ghizer,GZ1030,
2024,GC21011,Boys High School Pari Kharmang,RG1108,
2024,GC21011,Boys High School Phandar Ghizer,GZ1092,
2024,GC21011,Boys High School Phekar Nagar,NG1114,
2024,GC21011,Boys High School Phuguch Diamer,DM1096,
2024,GC21011,Boys High School Purtak Ghanche,GN1066,
2024,GC21011,Boys High School Qamri,AT1034,
2024,GC21011,Boys High School Qumarah Skardu,SD1107,
2024,GC21011,Boys High School Rahimabad,GL1590,
2024,GC21011,Boys High School Rattu,AT1024,
2024,GC21011,Boys High School Sassi Haramosh,GL1601,
2024,GC21011,Boys High School Sermik Skardu,SD1125,
2024,GC21011,Boys High School Shagari Kalan Skardu,SD1148,
2024,GC21011,Boys High School Shaheenkote Diamer,DM1091,
2024,GC21011,Boys High School Shahimehal Darel,DM1105,
2024,GC21011,Boys High School Sharote,GL1511,
2024,GC21011,Boys High School Sherqillah  Ghizer,GZ1026,
2024,GC21011,Boys High School Shigar,SS1103,
2024,GC21011,Boys High School Sikanderabad Nagar,NG1115,
2024,GC21011,Boys High School Siksa,GN1020,
2024,GC21011,Boys High School Single,GZ1023,
2024,GC21011,Boys High School Stak Skardu,SD1099,
2024,GC21011,Boys High School Sukamaidan,SD1047,
2024,GC21011,Boys High School Sumal Ghizer,GZ1094,
2024,GC21011,Boys High School Sumigal Diamer,DM1095,
2024,GC21011,Boys High School Summayar Nagar,NG1111,
2024,GC21011,Boys High School Surmo Ghanche,GN1086,
2024,GC21011,Boys High School Takia Diamer,DM1092,
2024,GC21011,Boys High School Talu Skardu,SD1098,
2024,GC21011,Boys High School Tangir,DM1025,
2024,GC21011,Boys High School Taus Yasin Ghizer,GZ1038,
2024,GC21011,Boys High School Thagus,GN1022,
2024,GC21011,Boys High School Thalay,GN1028,
2024,GC21011,Boys High School Thing Astore,AT1083,
2024,GC21011,Boys High School Thoi Yasin  Ghizer,GZ1042,
2024,GC21011,Boys High School Thore Diamer,DM1090,
2024,GC21011,Boys High School Thowar Skardu,SD1057,
2024,GC21011,Boys High School Tisser Shigar,SS1106,
2024,GC21011,Boys High School Tolti Kharmang,RG1104,
2024,GC21011,Boys High School Tormik Skardu,SD1141,
2024,GC21011,Boys High School Wazirpure Shigar,SS1110,
2024,GC21011,Boys High School Sost Gojal,HN1041,
2024,GC21011,Boys High School Yasin Proper,GZ1051,
2024,GC21011,Chief Engineer Works Education Department GB Gilgit,GL1102,
2024,GC21011,Deputy Director Education Hunza,HN1016,
2024,GC21011,Deputy Director Education Kharmang,RG1101,
2024,GC21011,Deputy Director Education Nagar,NG1101,
2024,GC21011,Deputy Director Education Office Astore,AT1011,
2024,GC21011,Deputy Director Education Office Diamer,DM1014,
2024,GC21011,Deputy Director Education Office Gilgit,GL1576,
2024,GC21011,Deputy Director Education Office Skardu,SD1029,
2024,GC21011,Deputy Director Education Officer Ghahch,GN1013,
2024,GC21011,Deputy Director Education Officer Ghizer,GZ1017,
2024,GC21011,Deputy Director Education Shigar,SS1101,
2024,GC21011,Director Education (Planning) Gilgit-Baltistan,GL1575,
2024,GC21011,Directorate of Education Diamer-Astore,DM1871,
2024,GC21011,Directorate of Education GB Gilgit,GL1574,
2024,GC21011,Executive Engineer Works(Education) Baltistan Division,SD1106,
2024,GC21011,Executive Engineer Works(Education) Diamer-Astore Division,DM1106,
2024,GC21011,Executive Engineer Works(Education) Gilgit Division,GL1106,
2024,GC21011,Girls High School Aliabad,HN1019,
2024,GC21011,Girls High School Askurdass Nagar,NG1108,
2024,GC21011,Girls High School Bunji Astore,AT1081,
2024,GC21011,Girls High School Chalt Nagar,NG1112,
2024,GC21011,Girls High School Chatorkhan Ghizer,GZ1049,
2024,GC21011,Girls High School Chilas,DM1027,
2024,GC21011,Girls High School Chongara Astore,AT1082,
2024,GC21011,Girls High School Chowar Ghanche,GN1110,
2024,GC21011,Girls High School Danyore Gilgit,GL1734,
2024,GC21011,Girls High School Datuchi Bagrote Gilgit,GL1107,
2024,GC21011,Girls High School Eidgah Astore,AT1075,
2024,GC21011,Girls High School Gahkuch Ghizer,GZ1034,
2024,GC21011,Girls High School Gamba Skardu,SD1147,
2024,GC21011,Girls High School Ganish Hunza,HN1102,
2024,GC21011,Girls High School Gorikote Astore,AT1104,
2024,GC21011,Girls High School Gudai Astore,AT1101,
2024,GC21011,Girls High School Gulapure Ghizer,GZ1103,
2024,GC21011,Girls High School Hashupi Shigar,SS1113,
2024,GC21011,Girls High School Hyderabad Hunza,HN1103,
2024,GC21011,Girls High School Jagir Basin Gilgit,GL1736,
2024,GC21011,Girls High School Jalalabad Gilgit,GL1108,
2024,GC21011,Girls High School Joglote Sai,GL1558,
2024,GC21011,Girls High School Jutial Gilgit,GL1701,
2024,GC21011,Girls High School Karimabad Hunza,HN1018,
2024,GC21011,Girls High School Kashrote,GL1583,
2024,GC21011,Girls High School Khaplu Ghanche,GN1030,
2024,GC21011,Girls High School Kirmin Chupurson,HN1049,
2024,GC21011,Girls High School Konodass Gilgit,GL1703,
2024,GC21011,Girls High School Mehdiabad Kharmang,RG1107,
2024,GC21011,Girls High School No1 Gilgit,GL1586,
2024,GC21011,Girls High School No2 Gilgit,GL1587,
2024,GC21011,Girls High School Oshikhandass,GL1505,
2024,GC21011,Girls High School Sherqila Ghizer,GZ1104,
2024,GC21011,Girls High School Shigar,SS1109,
2024,GC21011,Girls High School Sikanderabad Nagar,NG1116,
2024,GC21011,Girls High School Skardu,SD1045,
2024,GC21011,Girls High School Sukamaidan Skardu,SD1126,
2024,GC21011,Girls High School Thowar Skardu,SD1097,
2024,GC21011,Girls High School Yarkot Khomar Gilgit,GL1110,
2024,GC21011,Girls Higher Scondary School Nagar Prope,NG1110,
2024,GC21011,Girls Higher Secondary School Gulmat Nagar,NG1107,
2024,GC21011,Girls Higher Secondary School Gulmit Gojal,HN1020,
2024,GC21011,Girls Model High School Skardu,SD1128,
2024,GC21011,Girls Model School Kushmarah Skardu,SD1105,
2024,GC21011,Principal Boys Degree College Chilas,DM1019,
2024,GC21011,Principal Boys Degree College Skardu,SD1034,
2024,GC21011,Principal Elementary College for Women,SD1040,
2024,GC21011,Principal Elementary College for Women J,GL1726,
2024,GC21011,Principal FG College of Education Gilgit,GL1727,
2024,GC21011,Principal FG Post Graduate College Jutia,GL1578,
2024,GC21011,Principal Inter College for Women Skardu,SD1038,
2024,GC21011,Principal Inter College Gamba Skardu,SD1121,
2024,GC21011,Principal Inter College Shigar,SS1102,
2024,GC21011,Regional Director of Education Skardu,SD1027,
2024,GC21011,Secretary Education GB-II (Block Allocation),GL1100,
2024,GC21011,Secretary Education Gilgit,GL1507,
2024,GC21011,Teachers & Staff Development Center GB,GL1105,
2024,GC21012,City Hospital Gilgit,GL1753,
2024,GC21012,City Hospital Thowar Roundu Skardu,SD1211,
2024,GC21012,Civil Hospital Aliabad  Juglote Gilgit,GL1721,
2024,GC21012,Civil Hospital Bounji Astore,AT1010,
2024,GC21012,Civil Hospital Chatorkhand Ghizer,GZ1013,
2024,GC21012,Civil Hospital Gupis Ghizer,GZ1015,
2024,GC21012,Civil Hospital Taous Yasin Ghizer,GZ1014,
2024,GC21012,DDO NPFP&PHC Baltistan Region,SD1698,
2024,GC21012,DDO NPFP&PHC Gilgit Baltistan,GL1698,
2024,GC21012,Director Drug Water & Food Testing Laboratory GB,GL1207,
2024,GC21012,Director Health Services Camp Office Islamabad/Rawalpindi,GL1205,
2024,GC21012,Director Health Services Diamer-Astore,DM1013,
2024,GC21012,Director Health Services GB Gilgit,GL1714,
2024,GC21012,Director Planning and Procurement Health Department GB,GL1203,
2024,GC21012,Director TB Leprosy Control Program GB,GL1206,
2024,GC21012,Directorate of Social Health Protection Initiative GB,GL1209,
2024,GC21012,District Health Officer    Ghizer,GZ1009,
2024,GC21012,District Health Officer    Gilgit,GL1715,
2024,GC21012,District Health Officer    Skardu,SD1014,
2024,GC21012,District Health Officer Astore,AT1009,
2024,GC21012,District Health Officer Diamer,DM1012,
2024,GC21012,District Health Officer Ghanche,GN1009,
2024,GC21012,District Health Officer Hunza,HN1024,
2024,GC21012,District Health Officer Kharmang,RG1201,
2024,GC21012,District Health Officer Nagar,NG1201,
2024,GC21012,District Health Officer Shigar,SS1201,
2024,GC21012,District Support Unit PPHI Diamer,DM1062,
2024,GC21012,District Support Unit PPHI Nagar,NG1060,
2024,GC21012,Drug Inspector Office Ghizer,GZ1569,
2024,GC21012,Drug Inspector Office Skardu,SD1569,
2024,GC21012,Federal Drug Inspection GB Gilgit,GL1569,
2024,GC21012,Independent Monitoring Unit (IMU) GB,GL1552,
2024,GC21012,Medical Superintendent 10 Bedded Hospital Gulmit Gojal,HN1210,
2024,GC21012,Medical Superintendent 30 Bedded Benazir Shaheed Hospital Gamba Skardu,SD1210,
2024,GC21012,Medical Superintendent 30 Bedded Hospital Jagir Basin Gilgit,GL1740,
2024,GC21012,Medical Superintendent 30 Bedded Hospital Muhammad Abad Danyore,GL1749,
2024,GC21012,Medical Superintendent 30 Bedded Hospital Nagar Khas,NG1210,
2024,GC21012,Medical Superintendent District Headquar Hospital Astore,AT1012,
2024,GC21012,Medical Superintendent District Headquar Hospital Diamer,DM1010,
2024,GC21012,Medical Superintendent District Headquar Hospital Ghanche,GN1011,
2024,GC21012,Medical Superintendent District Headquar Hospital Ghizer,GZ1011,
2024,GC21012,Medical Superintendent District Headquar Hospital Gilgit,GL1718,
2024,GC21012,Medical Superintendent District Headquar Hospital Skardu,SD1016,
2024,GC21012,Medical Superintendent Shaheed Saif-ur -Rehman Hospital Gilgit,GL1754,
2024,GC21012,Medical Superintendent Tehsil Headquarte Hospital Tangir,DM1011,
2024,GC21012,MS Cardiac Hospital Gilgit,GL1208,
2024,GC21012,MS DHQ Hospital Aliabad Hunza,HN1023,
2024,GC21012,MS DHQ Hospital Sikandarabad Nagar,NG1203,
2024,GC21012,Principal HRDC   Skardu,SD1024,
2024,GC21012,Principal HRDC Gilgit,GL1204,
2024,GC21012,Principal Midwifery School Gilgit,GL1573,
2024,GC21012,Programme Manager Regional Blood Center Gilgit,GL1201,
2024,GC21012,Provincial Coordinator CEC Cell Gilgit,GL1120,
2024,GC21012,Provincial Programme Officer EPI Gilgit,GL1568,
2024,GC21012,Regional Directorate Health Services Gilgit Region (RDHS),GL1210,
2024,GC21012,Regional Health Directorate Skardu,SD1102,
2024,GC21012,Rural Health Center Chalt Nagar,NG1202,
2024,GC21012,Secretary Health & Population Department,GL1506,
2024,GC21012,Secretary Health GB-II,GL1200,
2024,GC21012,VICE PRINCIPAL NURSING SCHOOL SKARDU,SD1115,
2024,GC21013,Central Directorate of LG&RD GB,GL1636,
2024,GC21013,Deputy Director LG&RD    Astore,AT1047,
2024,GC21013,Deputy Director LG&RD    Diamer,DM1061,
2024,GC21013,Deputy Director LG&RD    Ghanche,GN1049,
2024,GC21013,Deputy Director LG&RD    Ghizer,GZ1056,
2024,GC21013,Deputy Director LG&RD    Gilgit,GL1633,
2024,GC21013,Deputy Director LG&RD    Skardu,SD1072,
2024,GC21013,Deputy Director LG&RD Hunza,HN1026,
2024,GC21013,Deputy Director LG&RD Kharmang,RG1303,
2024,GC21013,Deputy Director LG&RD Nagar,NG1301,
2024,GC21013,Deputy Director LG&RD Shigar,SS1303,
2024,GC21013,Deputy Director Local Council Board,SD1707,
2024,GC21013,Director LG&RD Directorate Baltistan Region Skardu,SD1111,
2024,GC21013,Director LG&RD GB Gilgit,GL1631,
2024,GC21013,District Council     Diamer,DM1044,
2024,GC21013,District Council     Gilgit,GL1635,
2024,GC21013,District Council    Astore,AT1051,
2024,GC21013,District Council    Ghanche,GN1053,
2024,GC21013,District Council    Ghizer,GZ1060,
2024,GC21013,District Council Hunza,HN1027,
2024,GC21013,District Council Kharmang,RG1301,
2024,GC21013,District Council Nagar,NG1302,
2024,GC21013,District Council Shigar,SS1301,
2024,GC21013,District Council Skardu,SD1077,
2024,GC21013,Divisional Deputy Director Local Council Board Diamer-Astore Region,DM1908,
2024,GC21013,Divisional Deputy Director Local Council Board Gilgit Region,GL1908,
2024,GC21013,Divisional Director LG&RD Diamer-Astore,DM1064,
2024,GC21013,Local Council Board,GL1707,
2024,GC21013,Muncipal Committee     Diamer,DM1046,
2024,GC21013,Muncipal Committee    Ghizer,GZ1062,
2024,GC21013,Muncipal Committee    Skardu,SD1079,
2024,GC21013,Muncipal Committee   Ghanche,GN1055,
2024,GC21013,Muncipal Committee Astore,AT1053,
2024,GC21013,Muncipal Committee Gilgit,GL1637,
2024,GC21013,Municipal Committee Hunza,HN1028,
2024,GC21013,Municipal Committee Kharmang,RG1302,
2024,GC21013,Municipal Committee Nagar,NG1303,
2024,GC21013,Municipal Committee Shigar,SS1302,
2024,GC21013,Secretary Local Government & Rural Devel,GL1785,
2024,GC21013,Superintending Engineer LG & RD Gilgit,GL1634,
2024,GC21015,Secretary Finance  Gilgit,GL1504,
2024,GC21015,Secretary Finance-II,GL1500,
2024,GC21015,Treasury Officer    Diamer,DM1005,
2024,GC21015,Treasury Officer    Gilgit,GL1525,
2024,GC21015,Treasury Officer    Skardu,SD1008,
2024,GC21015,Treasury Officer Astore,AT1005,
2024,GC21015,Treasury Officer Ghanche,GN1005,
2024,GC21015,Treasury Officer Ghizer,GZ1005,
2024,GC21015,Treasury Officer Hunza,HN1029,
2024,GC21015,Treasury Officer Kharmang,RG1501,
2024,GC21015,Treasury Officer Nagar,NG1501,
2024,GC21015,Treasury Officer Shigar,SS1501,
2024,GC21016,Central Karakurak National Park Skardu,SD1600,
2024,GC21016,Chief Conservator Forest Parks & Wildlife GB,GL1642,
2024,GC21016,Conservator of Forests Baltistan Divisio,SD1795,
2024,GC21016,Conservator of Forests Diamer-Astore Division,DM1643,
2024,GC21016,Conservator of Forets Gilgit,GL1643,
2024,GC21016,Conservator Parks & Wildlife Gilgit-Baltan,GL1813,
2024,GC21016,Coordinator REDD+ GB,GL1640,
2024,GC21016,Director Environmental Protection Agency Baltistan Region,SD1856,
2024,GC21016,Director Environmental Protection Agency Diamer Astore,DM1856,
2024,GC21016,Director Environmental Protection Agency Gilgit-Baltan,GL1856,
2024,GC21016,Director Khunjrab National Park Gilgit,GL1641,
2024,GC21016,Divisional Forest Officer Astore,AT1060,
2024,GC21016,Divisional Forest Officer Darel/Tangir,DM1656,
2024,GC21016,Divisional Forest Officer Diamer,DM1654,
2024,GC21016,Divisional Forest Officer Ghanche,GN1063,
2024,GC21016,Divisional Forest Officer Ghizer,GZ1648,
2024,GC21016,Divisional Forest Officer Hunza,HN1815,
2024,GC21016,Divisional Forest Officer Kharmang,RG1094,
2024,GC21016,Divisional Forest Officer Nagar,NG1815,
2024,GC21016,Divisional Forest Officer Shigar,SS1094,
2024,GC21016,Divisional Forest Officer Skardu,SD1094,
2024,GC21016,Divisional Forest Officer Wildlife GLT,GL1646,
2024,GC21016,Divisional Forest Officer Wildlife Astore-Diamer,AT1646,
2024,GC21016,Divisional Forest Officer Gilgit,GL1644,
2024,GC21016,Secretary ForestWildlife & Environment,GL1787,
2024,GC21016,Wildlife Management Authority (Deosai National Park) Skardu,SD1796,
2024,GC21017,Advocate General,GL1868,
2024,GC21017,Custom & Banking Court GB Gilgit,GL1782,
2024,GC21017,DDO Service Tribunal Gilgit-Baltistan,GL1864,
2024,GC21017,Deputy Advocate General Baltistan Division,SD1868,
2024,GC21017,Deputy Advocate General Diamer-Astore Division,DM1868,
2024,GC21017,District Attorney Kharmang,RG1701,
2024,GC21017,District Attorney Nagar,NG1701,
2024,GC21017,District Attorney Shigar,SS1701,
2024,GC21017,District Attorney Astore,AT1123,
2024,GC21017,District Attorney Diamer,DM1123,
2024,GC21017,District Attorney Ghanche,GN1123,
2024,GC21017,District Attorney Ghizer,GZ1123,
2024,GC21017,District Attorney Gilgit,GL1123,
2024,GC21017,District Attorney Hunza,HN1123,
2024,GC21017,District Attorney Skardu,SD1123,
2024,GC21017,District Public Prosecutor Astore,AT1750,
2024,GC21017,District Public Prosecutor Diamer,DM1750,
2024,GC21017,District Public Prosecutor Ghanche,GN1750,
2024,GC21017,District Public Prosecutor Ghizer,GZ1750,
2024,GC21017,District Public Prosecutor Gilgit,GL1750,
2024,GC21017,District Public Prosecutor Skardu,SD1750,
2024,GC21017,National Accountability Court GB,GL1536,
2024,GC21017,Prosecutor General GB Gilgit,GL1751,
2024,GC21017,Secretary Law & Prosecution  Gilgit,GL1508,
2024,GC21017,Special Public Prosecutor ATC-2 GB Gilg,GL1752,
2024,GC21017,Special Public Prosecutor GB Gilgit,GL1519,
2024,GC21018,Supreme Appellate Court GB Gilgit,GL1527,
2024,GC21020,Additional District & Session Judge Nagar,NG1902,
2024,GC21020,Additional District and Session Judge,AT1056,
2024,GC21020,Additional District and Session Judge,GN1058,
2024,GC21020,Additional District and Session Judge  G,GZ1066,
2024,GC21020,Additional District and Session Judge  S,SD1100,
2024,GC21020,Additional District and Session Judge Diamer,DM1031,
2024,GC21020,Additional District and Session Judge Gilgit,GL1530,
2024,GC21020,Additional District and Session Judge Kharmang,RG1902,
2024,GC21020,Additional District and Session Judge Shigar,SS1902,
2024,GC21020,ADDITIONAL SESSION JUDGE HUNZA NAGAR,HN1038,
2024,GC21020,Chief Court Gilgit-Baltistan,GL1528,
2024,GC21020,Civil Judge    Astore,AT1057,
2024,GC21020,Civil Judge Daghoni,GN1054,
2024,GC21020,Civil Judge Danyore,GL1550,
2024,GC21020,Civil Judge Darel,DM1052,
2024,GC21020,Civil Judge Hunza,HN1032,
2024,GC21020,Civil Judge Juglote,GL1554,
2024,GC21020,Civil Judge Kharmang,RG1901,
2024,GC21020,Civil Judge N0 1 Gilgit,GL1531,
2024,GC21020,Civil Judge Nagar,NG1901,
2024,GC21020,Civil Judge No 2 Gilgit,GL1532,
2024,GC21020,Civil Judge No 3 Gilgit,GL1538,
2024,GC21020,Civil Judge Roundu,SD1081,
2024,GC21020,Civil Judge Shigar,SS1901,
2024,GC21020,Civil Judge Tangir,DM1051,
2024,GC21020,Civil Judge Chilas,DM1050,
2024,GC21020,Civil Judge Gupis/Yasin,GZ1068,
2024,GC21020,Civil Judge Khaplu,GN1059,
2024,GC21020,Civil Judge Mashabrum,GN1060,
2024,GC21020,Civil Judge Punial /Ishkoman,GZ1067,
2024,GC21020,Civil Judge Shounter,AT1058,
2024,GC21020,Civil Judge Skardu,SD1083,
2024,GC21020,District and Session Judge Diamer,DM1071,
2024,GC21020,District and Session Judge Gilgit,GL1529,
2024,GC21020,District and Session Judge Skardu,SD1082,
2024,GC21020,Senior Civil Judge Gilgit,GL1541,
2024,GC21020,SENIOR CIVIL JUDGE SKARDU,SD1116,
2024,GC21021,Directorate of Industries & Commerce Baltistan Division,SD1143,
2024,GC21021,Directorate of Industries & Commerce Diamer-Astore Division,DM1143,
2024,GC21021,Directorate of Minerals Industries Com,GL1862,
2024,GC21021,Directorate of Mines & Minerals Baltistan Division,SD1142,
2024,GC21021,Directorate of Mines & Minerals Diamer-Astore Division,DM1142,
2024,GC21021,Directorate of Mines & Minerals GB Gilg,GL1869,
2024,GC21021,Secretary MineralCommerceIndustries &,GL1788,
2024,GC21022,ASSISTANT DIRECTOR ARCHEALOGY,GL1863,
2024,GC21022,Assistant Director Culture GB,GL1833,
2024,GC21022,Assistant Director Sports Baltistan Division,SD1834,
2024,GC21022,Assistant Director Sports Diamer-Astore Division,DM1834,
2024,GC21022,Assistant Director Sports Gilgit Division,GL1834,
2024,GC21022,Assistant Director Tourism District Astore,AT1071,
2024,GC21022,Assistant Director Tourism District Diamer,DM1080,
2024,GC21022,Assistant Director Tourism District Ghanche,GN1076,
2024,GC21022,Assistant Director Tourism District Ghizer,GZ1082,
2024,GC21022,Assistant Director Tourism District Gilgit,GL1802,
2024,GC21022,Assistant Director Tourism District Skardu,SD1112,
2024,GC21022,Assistant Director Tourism Hunza,HN1802,
2024,GC21022,Assistant Director Tourism Kharmang,RG1502,
2024,GC21022,Assistant Director Tourism Nagar,NG1502,
2024,GC21022,Assistant Director Tourism Shigar,SS1502,
2024,GC21022,Deputy Director Tourism (Coordination & Facilitation) Islamabad,GL1832,
2024,GC21022,Director Sports Board Gilgit-Baltistan,GL1805,
2024,GC21022,DIRECTOR TOURISM GB,GL1822,
2024,GC21022,Secretary Tourism Sports Culture  & Youth,GL1509,
2024,GC21023,Administrator Zakat & Ushr Department Gilgit,GL1711,
2024,GC21023,Deputy Director Excise & Taxation Baltistan Division Skardu,SD1144,
2024,GC21023,Deputy Director Excise & Taxation Diamer -Astore Division,DM1078,
2024,GC21023,Deputy Director Excise & Taxation Gilgit,GL1733,
2024,GC21023,Deputy Registrar Co-operative Socieities,GL1526,
2024,GC21023,Director Excise & Taxation Gilgit Division,GL1717,
2024,GC21023,Excise and Taxation Officer Astore Astore,AT1070,
2024,GC21023,Excise and Taxation Officer Diamer,DM1079,
2024,GC21023,Excise and Taxation Officer Ghanche,GN1075,
2024,GC21023,Excise and Taxation Officer Ghizer,GZ1080,
2024,GC21023,Excise and Taxation Officer Gilgit,GL1791,
2024,GC21023,Excise and Taxation Officer Hunza,HN1051,
2024,GC21023,Excise and Taxation Officer Kharmang,RG1051,
2024,GC21023,Excise and Taxation Officer Nagar,NG1051,
2024,GC21023,Excise and Taxation Officer Shigar,SS1051,
2024,GC21023,Excise and Taxation Officer Skardu,SD1109,
2024,GC21023,Secretary RevenueExcise & Taxation and,GL1784,
2024,GC21024,Chief Engineer Water & Power Department Gilgit-Baltistan,GL1803,
2024,GC21024,Chief Engineer Water & Power Diamer-Astore Region,DM1730,
2024,GC21024,Chief Engineer Water and Power Baltistan Region,SD1829,
2024,GC21024,Civil Engineering Division W&P Baltistan,SD1738,
2024,GC21024,Civil Engineering Division W&P Diamer,DM1738,
2024,GC21024,Civil Engineering Division W&P Gilgit,GL1738,
2024,GC21024,SE Circle Office Water & Power Diamer,DM1030,
2024,GC21024,SE Circle Office Water & Power Gilgit,GL1662,
2024,GC21024,SE Circle Office Water & Power Skardu,SD1087,
2024,GC21024,Secretary Water & Power GB-II(Block Allocations),GL1571,
2024,GC21024,Secretary Water and Power Department Gil,GL1513,
2024,GC21024,XEN GBHEW Division Gilgit,GL1542,
2024,GC21024,XEN Generation Water & Power Gilgit,GL1739,
2024,GC21024,XEN W&P Division Kharmang,RG1713,
2024,GC21024,XEN W&P Division Nagar,NG1713,
2024,GC21024,XEN W&P Division Shigar,SS1713,
2024,GC21024,XEN Water & Power Division Astore,AT1565,
2024,GC21024,XEN Water & Power Division Diamer,DM1561,
2024,GC21024,XEN Water & Power Division Ghanche,GN1557,
2024,GC21024,XEN Water & Power Division Ghizer,GZ1549,
2024,GC21024,XEN Water & Power Division Gilgit,GL1713,
2024,GC21024,XEN Water & Power Division Hunza,HN1663,
2024,GC21024,XEN Water & Power Division Skardu,SD1553,
2024,GC21025,Chief Engineer Baltistan Region Skardu,SD1086,
2024,GC21025,Chief Engineer Works Diamer-Astore Division,DM1558,
2024,GC21025,Chief Engineer Works Gilgit-Baltistan Public Works Deprtment,GL1804,
2024,GC21025,Director WASA/PHE Division Gilgit,GL1709,
2024,GC21025,Director WASA/PHE Division Skardu,SD1710,
2024,GC21025,Material Testing Laboratory Gilgit,GL1564,
2024,GC21025,SE Circle Office GB PWD Diamer,DM1023,
2024,GC21025,SE Circle Office GB PWD Gilgit,GL1712,
2024,GC21025,SE Circle Office GB PWD Skardu,SD1088,
2024,GC21025,Secretary Communication & Works,GL1514,
2024,GC21025,Secretary Works GB-II (Block Allocations),GL1570,
2024,GC21025,Suprintendent Engineer Circle Officer GBPWD Hunza/Nagar,GL1816,
2024,GC21025,XEN B&R Division Astore,AT1563,
2024,GC21025,XEN B&R Division Chilas,DM1559,
2024,GC21025,XEN B&R Division GB PWD Hunza/Nagar,GL1545,
2024,GC21025,XEN B&R Division Ghanche,GN1555,
2024,GC21025,XEN B&R Division Ghizer,GZ1547,
2024,GC21025,XEN B&R Division Hunza,HN1545,
2024,GC21025,XEN B&R Division Kharmang,RG1551,
2024,GC21025,XEN B&R Division NA PWD Ghizer,GL1547,
2024,GC21025,XEN B&R Division Nagar,NG1551,
2024,GC21025,XEN B&R Division Shigar,SS1551,
2024,GC21025,XEN B&R Division Skardu,SD1551,
2024,GC21025,XEN Bridges & Roads Division Gilgit,GL1560,
2024,GC21025,XEN Building Division Gilgit,GL1540,
2024,GC21026,SECRETARY IMPLEMENTATION AND COORDINATION GILGIT BALTISTAN (ISLAMABAD),GL1830,
2024,GC21028,Assistant Director Civil Supply Islamabd,GL1861,
2024,GC21028,Assistant Director Civil Supply Kharmang,RG1401,
2024,GC21028,Assistant Director Civil Supply Nagar,NG1401,
2024,GC21028,Assistant Director Civil Supply Shigar,SS1401,
2024,GC21028,Civil Supply Officer Astore,AT1074,
2024,GC21028,Civil Supply Officer Diamer,DM1083,
2024,GC21028,Civil Supply Officer Ghanche,GN1079,
2024,GC21028,Civil Supply Officer Ghizar,GZ1088,
2024,GC21028,Civil Supply Officer Gilgit,GL1859,
2024,GC21028,Civil Supply Officer Hunza,HN1037,
2024,GC21028,Civil Supply Officer Skardu,SD1122,
2024,GC21028,Director Civil Supply GB,GL1858,
2024,GC21028,Director Food Department Baltistan Region Skardu,SD1840,
2024,GC21028,Director Food Department Diamer-Astore Region,DM1840,
2024,GC21028,Director Food Department Gilgit Region,GL1840,
2024,GC21028,Secretary Food GB,GL1857,
2024,GC21029,Assitant Director GBDMA Astore,AT1845,
2024,GC21029,Assitant Director GBDMA Diamer,DM1845,
2024,GC21029,Assitant Director GBDMA Ghanche,GN1845,
2024,GC21029,Assitant Director GBDMA Ghizer,GZ1845,
2024,GC21029,Assitant Director GBDMA Gilgit,GL1845,
2024,GC21029,Assitant Director GBDMA Hunza,HN1845,
2024,GC21029,Assitant Director GBDMA Kharmang,RG1845,
2024,GC21029,Assitant Director GBDMA Nagar,NG1845,
2024,GC21029,Assitant Director GBDMA Shigar,SS1845,
2024,GC21029,Assitant Director GBDMA Skardu,SD1845,
2024,GC21029,DG NDMA Gilgit Baltistan,GL1866,
2024,GC21030,Deputy Director Information Gilgit,GL1171,
2024,GC21030,Secretary Information Gilgit-Baltistan,GL1150,
2024,GC21031,Director Human Rights Gilgit-Baltistan,GL1003,
2024,GC21031,Director Population Welfare Department GB Gilgit,GL1157,
2024,GC21031,Director Women Development Gilgit,GL1152,
2024,GC21031,Director Youth Affairs Gilgit-Baltistan,GL1007,
2024,GC21031,Population Welfare Officer Diamer,DM1158,
2024,GC21031,Population Welfare Officer District Astore,AT1158,
2024,GC21031,Population Welfare Officer Ghanche,GN1158,
2024,GC21031,Population Welfare Officer Ghizer,GZ1158,
2024,GC21031,Population Welfare Officer Gilgit,GL1158,
2024,GC21031,Population Welfare Officer Skardu,SD1158,
2024,GC21031,Secretary Social Welfare & Women Development Gilgit-Baltistan,GL1151,
2024,GC21031,Social Welfare Officer Comprehensive Community Center Astore,AT1154,
2024,GC21031,Social Welfare Officer Comprehensive Community Center Diamer,DM1154,
2024,GC21031,Social Welfare Officer Comprehensive Community Center Ghanche,GN1154,
2024,GC21031,Social Welfare Officer Comprehensive Community Center Ghizer,GZ1154,
2024,GC21031,Social Welfare Officer Comprehensive Community Center Gilgit,GL1154,
2024,GC21031,Social Welfare Officer Comprehensive Community Center Skardu,SD1154,
2024,GC21031,Social Welfare Officer Social Services Medical Center Astore,AT1153,
2024,GC21031,Social Welfare Officer Social Services Medical Center Diamer,DM1153,
2024,GC21031,Social Welfare Officer Social Services Medical Center Ghanche,GN1153,
2024,GC21031,Social Welfare Officer Social Services Medical Center Ghizer,GZ1153,
2024,GC21031,Social Welfare Officer Social Services Medical Center Gilgit,GL1153,
2024,GC21031,Social Welfare Officer Social Services Medical Center RHQ Hospital Kashrote Gilgit,GL1125,
2024,GC21031,Social Welfare Officer Social Services Medical Center Skardu,SD1153,
2024,GC21032,Director Anti-Corruption Gilgit-Baltistan,GL1156,
2024,GC21033,Senior Member Board of Revenue,GL1002,
2024,GC21034,Secretary Information Technology Department GB,GL1180,
2024,GC21035,Deputy Director Water Management Astore,AT1871,
2024,GC21035,Deputy Director Water Management Diamer,DM1872,
2024,GC21035,Deputy Director Water Management Ghanche,GN1871,
2024,GC21035,Deputy Director Water Management Ghizer,GZ1871,
2024,GC21035,Deputy Director Water Management Gilgit,GL1873,
2024,GC21035,Deputy Director Water Management Hunza,HN1870,
2024,GC21035,Deputy Director Water Management Kharmang,RG1870,
2024,GC21035,Deputy Director Water Management Nagar,NG1870,
2024,GC21035,Deputy Director Water Management Shigar,SS1870,
2024,GC21035,Deputy Director Water Management Skardu,SD1871,
2024,GC21035,Director Water Management Gilgit-Baltistan,GL1872,
2024,GC21035,Secretary Water Management & Irrigation Department GB,GL1190,
2024,GC21035,Water Management & Irrigation  (Block Al GB-II (Block Allocations),GL1135,
2024,GC21036,Boys Inter College Tangir Diamer,DM1403,
2024,GC21036,Deputy Director Colleges (Planning) GB,GL1410,
2024,GC21036,Deputy Director Special Education Gilgit Gilgit,GL1406,
2024,GC21036,Deputy Director Special Education Skardu,SD1404,
2024,GC21036,Director Colleges GB Gilgit,GL1408,
2024,GC21036,Director Technical Education & Skill Development GB,GL1401,
2024,GC21036,Girls Degree College Astore,AT1402,
2024,GC21036,Girls Inter College Taous Yasin Ghizer,GZ1406,
2024,GC21036,Government Vocational & Technical Training Center GB Gilgit,GL1871,
2024,GC21036,Principal Boys Degree College Chilas,DM1401,
2024,GC21036,Principal Boys Degree College Minawar Gilgit,GL1403,
2024,GC21036,Principal Boys Degree College Skardu,SD1401,
2024,GC21036,Principal Boys Inter College Astore,AT1401,
2024,GC21036,Principal Boys Inter College Chalt Nagar,NG1402,
2024,GC21036,Principal Boys Inter College Gahkuch Ghizer,GZ1401,
2024,GC21036,Principal Boys Inter College Jagir Basin,GL1402,
2024,GC21036,Principal Boys Inter College Khaplu Ghanche,GN1401,
2024,GC21036,Principal Degree College Aliabad Hunza,HN1401,
2024,GC21036,Principal Degree College for Women Gilgit,GL1405,
2024,GC21036,Principal Degree College Moorkhun Gojal Hunza,HN1403,
2024,GC21036,Principal Degree College Muhammadabad Danyore,GL1404,
2024,GC21036,Principal Girls Degree College Karimabad Hunza,HN1402,
2024,GC21036,Principal Girls Inter College Chilas Diamer,DM1402,
2024,GC21036,Principal Girls Inter College Gahkuch Ghizer,GZ1403,
2024,GC21036,Principal Inter College Chatorkhand Ghizer,GZ1405,
2024,GC21036,Principal Inter College for Women Skardu,SD1402,
2024,GC21036,Principal Inter College Gamba Skardu,SD1403,
2024,GC21036,Principal Inter College Gupis Ghizer,GZ1402,
2024,GC21036,Principal Inter College Kharmang,RG1402,
2024,GC21036,Principal Inter College Shigar,SS1402,
2024,GC21036,Principal Inter College Tause Yasin Ghizer,GZ1404,
2024,GC21036,Principal Ruth Pfau Girls Inter College Sultanabad Danyore,GL1407,
2024,GC21036,Rehabilitation Center Special Education Complex Gilgit,GL1409,
2024,GC21036,Secretary Higher Technical & Special Education Department Gilgit Baltistan,GL1103,
2024,GC21036,Secretary Higher Technical and Special Education (Block Allocation),GL1400,
2024,GC21036,Special Education Center Chilas,DM1406,
2024,GC21036,Special Education Center Ghizer,GZ1407,
